,input,vote
40,year,-0.19267419318654064
5,Horror,-0.16200561642325098
0,Action,-0.13526975152005727
4,Thriller,-0.07930844989795005
3,Science Fiction,-0.06872857622218984
2,Fantasy,-0.058376375054749484
8,Family,-0.05372224020263493
19,Rob Cohen,-0.04869278125630899
